{"TPR": [0.8, 0.95, 0.8, 0.75], "FPR": [0.06666666666666667, 0.03333333333333333, 0.05, 0.08333333333333333], "auc": 0.38958333333333334}